,pixel_agreement,miou_proxy
mean,0.9987046287046286,0.7338626880095811
std,0.0024177822209927166,0.2961901502823508
