,pixel_agreement,miou_proxy
mean,0.9742253575376605,0.7275833785866279
std,0.07182801894720005,0.2852482844179496
